City_ID,City,Lat,Lng,Max Temp,Humidity,Cloudiness,Wind Speed,Country,Date,Current_Description
0,Kamenka,51.3223,42.7678,47.08,49,0,5.41,RU,2021-10-10 16:18:47,clear sky
1,Tilichiki,60.4667,166.1,26.67,77,73,3.87,RU,2021-10-10 16:18:47,broken clouds
2,Ijui,-28.3878,-53.9147,78.82,74,95,10.87,BR,2021-10-10 16:18:48,overcast clouds
3,Saint George,37.1041,-113.5841,61.27,52,1,1.99,US,2021-10-10 16:15:46,clear sky
4,Mataura,-46.1927,168.8643,54.48,87,100,2.71,NZ,2021-10-10 16:28:42,moderate rain
5,Yatou,37.15,122.3833,59.97,52,100,15.95,CN,2021-10-10 16:18:48,light rain
6,Bredasdorp,-34.5322,20.0403,71.28,71,78,9.8,ZA,2021-10-10 16:18:45,broken clouds
7,Yushan,31.3776,120.9543,73.98,91,100,16.15,CN,2021-10-10 16:15:15,light rain
8,Castro,-24.7911,-50.0119,57.63,96,100,8.52,BR,2021-10-10 16:18:49,overcast clouds
9,Hithadhoo,-0.6,73.0833,83.62,68,80,13.04,MV,2021-10-10 16:18:49,broken clouds
10,Camapua,-19.5314,-54.0439,89.51,50,95,4.85,BR,2021-10-10 16:18:49,light rain
11,Maple Creek,49.9168,-109.4848,57.25,35,51,21.85,CA,2021-10-10 16:18:50,broken clouds
12,Hagere Hiywet,8.9833,37.85,59.2,94,59,5.77,ET,2021-10-10 16:18:50,light rain
13,Codrington,-38.2667,141.9667,45.19,76,66,9.69,AU,2021-10-10 16:18:50,broken clouds
14,Rikitea,-23.1203,-134.9692,74.55,81,100,19.35,PF,2021-10-10 16:28:43,overcast clouds
15,Half Moon Bay,37.4636,-122.4286,63.81,77,90,0.0,US,2021-10-10 16:18:51,mist
16,Punta Arenas,-53.15,-70.9167,51.91,40,40,35.68,CL,2021-10-10 16:28:43,scattered clouds
17,Miram Shah,33.0086,70.0697,76.41,31,0,1.32,PK,2021-10-10 16:18:51,clear sky
18,Port Elizabeth,-33.918,25.5701,63.1,67,0,11.5,ZA,2021-10-10 16:18:52,clear sky
19,Lorengau,-2.0226,147.2712,81.41,77,97,5.73,PG,2021-10-10 16:18:52,overcast clouds
20,Bongaree,-27.0797,153.1586,69.94,88,43,15.59,AU,2021-10-10 16:18:52,scattered clouds
21,Tuktoyaktuk,69.4541,-133.0374,30.2,86,90,10.36,CA,2021-10-10 16:18:49,overcast clouds
22,Marawi,7.9986,124.2928,67.64,92,100,6.15,PH,2021-10-10 16:18:53,light rain
23,Kaitangata,-46.2817,169.8464,47.98,87,99,3.71,NZ,2021-10-10 16:18:53,light rain
24,Cabo San Lucas,22.8909,-109.9124,90.52,50,20,2.3,MX,2021-10-10 16:15:37,few clouds
25,Praya,14.9215,-23.5087,90.14,45,0,14.97,CV,2021-10-10 16:17:31,clear sky
26,Hilo,19.7297,-155.09,74.28,92,90,3.44,US,2021-10-10 16:18:34,heavy intensity rain
27,Mahebourg,-20.4081,57.7,73.26,94,75,3.44,MU,2021-10-10 16:18:54,light rain
28,Torbay,47.6666,-52.7314,46.58,74,90,19.57,CA,2021-10-10 16:18:54,overcast clouds
29,Bumbuna,9.05,-11.7333,82.11,85,88,1.59,SL,2021-10-10 16:18:55,moderate rain
30,Severo-Kurilsk,50.6789,156.125,44.6,86,100,19.91,RU,2021-10-10 16:18:55,overcast clouds
31,San Rafael,-34.6177,-68.3301,71.53,35,85,5.06,AR,2021-10-10 16:18:55,overcast clouds
32,Butaritari,3.0707,172.7902,81.5,72,18,14.5,KI,2021-10-10 16:28:45,few clouds
33,Clyde River,70.4692,-68.5914,39.43,70,75,11.5,CA,2021-10-10 16:18:56,broken clouds
34,Talnakh,69.4865,88.3972,22.86,96,98,5.37,RU,2021-10-10 16:18:56,light snow
35,Ribeira Grande,38.5167,-28.7,72.0,94,40,18.41,PT,2021-10-10 16:18:56,scattered clouds
36,New Norfolk,-42.7826,147.0587,40.71,66,67,1.01,AU,2021-10-10 16:28:46,broken clouds
37,Victoria,22.2855,114.1577,80.94,90,100,5.99,HK,2021-10-10 16:17:19,light rain
38,Egvekinot,66.3167,-179.1667,19.29,80,100,7.2,RU,2021-10-10 16:18:57,overcast clouds
39,Progreso,21.2833,-89.6667,88.11,63,70,3.27,MX,2021-10-10 16:18:57,broken clouds
40,Kapaa,22.0752,-159.319,76.12,76,90,4.0,US,2021-10-10 16:18:58,light rain
41,Marzuq,14.4,46.4667,83.3,45,89,4.59,YE,2021-10-10 16:18:58,overcast clouds
42,Gimbi,9.1667,35.8333,58.5,95,100,3.29,ET,2021-10-10 16:18:58,moderate rain
43,Turgoyak,55.15,60.1183,36.52,99,100,0.58,RU,2021-10-10 16:18:58,overcast clouds
44,Manta,-0.95,-80.7333,73.18,78,90,6.91,EC,2021-10-10 16:16:37,overcast clouds
45,Dikson,73.5069,80.5464,29.39,72,100,23.06,RU,2021-10-10 16:18:59,light snow
46,Nouadhibou,20.931,-17.0347,76.98,61,0,18.41,MR,2021-10-10 16:18:59,clear sky
47,Meulaboh,4.1363,96.1285,78.78,82,100,1.68,ID,2021-10-10 16:19:00,moderate rain
48,Toktogul,41.8708,72.9402,44.35,83,96,3.78,KG,2021-10-10 16:19:00,overcast clouds
49,Tokur,53.1333,132.9,30.02,99,100,4.85,RU,2021-10-10 16:19:00,snow
50,Mazatlan,23.2167,-106.4167,87.76,79,20,3.44,MX,2021-10-10 16:14:53,few clouds
51,Albany,42.6001,-73.9662,66.02,75,100,3.0,US,2021-10-10 16:24:47,overcast clouds
52,Yellowknife,62.456,-114.3525,37.42,100,90,11.5,CA,2021-10-10 16:28:48,light rain
53,Nome,64.5011,-165.4064,29.16,86,40,0.0,US,2021-10-10 16:19:01,scattered clouds
54,Standerton,-26.9337,29.2415,62.62,26,5,10.98,ZA,2021-10-10 16:19:01,clear sky
55,Rio De Janeiro,-22.9028,-43.2075,73.31,68,90,16.11,BR,2021-10-10 16:14:54,overcast clouds
56,Valle Hermoso,25.6667,-97.8333,89.46,58,4,21.97,MX,2021-10-10 16:19:02,clear sky
57,Itarema,-2.9248,-39.9167,87.13,58,80,17.18,BR,2021-10-10 16:19:03,broken clouds
58,Ambulu,-8.345,113.6058,76.8,82,89,2.62,ID,2021-10-10 16:19:03,overcast clouds
59,Hambantota,6.1241,81.1185,80.85,80,100,18.61,LK,2021-10-10 16:19:04,overcast clouds
60,Sitka,57.0531,-135.33,44.49,81,75,9.22,US,2021-10-10 16:19:04,light rain
61,Faanui,-16.4833,-151.75,79.3,72,64,11.27,PF,2021-10-10 16:19:04,broken clouds
62,Aasiaat,68.7098,-52.8699,31.17,72,100,5.39,GL,2021-10-10 16:19:04,overcast clouds
63,Atuona,-9.8,-139.0333,78.01,71,4,18.45,PF,2021-10-10 16:28:49,clear sky
64,Avarua,-21.2078,-159.775,64.45,100,98,1.14,CK,2021-10-10 16:18:58,overcast clouds
65,Chokurdakh,70.6333,147.9167,11.57,91,92,5.53,RU,2021-10-10 16:28:50,overcast clouds
66,Skotina,40.0147,22.5515,59.72,95,100,0.69,GR,2021-10-10 16:19:05,overcast clouds
67,Carauari,-4.8828,-66.8958,97.79,38,39,3.04,BR,2021-10-10 16:19:05,scattered clouds
68,East London,-33.0153,27.9116,61.74,63,0,11.5,ZA,2021-10-10 16:19:06,clear sky
69,Atar,20.5169,-13.0499,101.14,10,17,10.63,MR,2021-10-10 16:19:06,few clouds
70,Balaipungut,1.05,101.2833,75.61,96,99,2.44,ID,2021-10-10 16:19:06,overcast clouds
71,Pundaguitan,6.3711,126.1689,84.43,71,100,7.94,PH,2021-10-10 16:19:07,overcast clouds
72,Port Lincoln,-34.7333,135.8667,52.66,56,66,11.68,AU,2021-10-10 16:28:51,broken clouds
73,Farafangana,-22.8167,47.8333,73.02,80,6,13.47,MG,2021-10-10 16:19:07,clear sky
74,Kalmunai,7.4167,81.8167,82.69,75,100,3.65,LK,2021-10-10 16:19:08,overcast clouds
75,Mago,53.2514,140.1822,45.54,95,100,8.01,RU,2021-10-10 16:19:08,moderate rain
76,Santo Tomas,14.1079,121.1414,81.54,94,55,6.96,PH,2021-10-10 16:19:08,broken clouds
77,Mercedes,-34.6515,-59.4307,71.78,48,81,11.81,AR,2021-10-10 16:19:09,broken clouds
78,Busselton,-33.65,115.3333,53.04,72,100,7.94,AU,2021-10-10 16:24:52,overcast clouds
79,Te Anau,-45.4167,167.7167,46.45,94,100,6.4,NZ,2021-10-10 16:28:52,light rain
80,Cape Town,-33.9258,18.4232,73.09,52,99,1.01,ZA,2021-10-10 16:15:01,overcast clouds
81,Ushuaia,-54.8,-68.3,49.66,32,20,20.71,AR,2021-10-10 16:18:52,few clouds
82,Ngunguru,-35.6167,174.5,49.15,88,19,7.38,NZ,2021-10-10 16:19:09,few clouds
83,Hasaki,35.7333,140.8333,66.6,71,23,15.41,JP,2021-10-10 16:19:10,few clouds
84,Valdemarpils,57.3707,22.5919,53.02,66,70,6.6,LV,2021-10-10 16:19:10,broken clouds
85,Asau,46.4333,26.4,47.75,53,34,3.2,RO,2021-10-10 16:19:10,scattered clouds
86,Alta Floresta,-9.8756,-56.0861,104.41,23,43,3.04,BR,2021-10-10 16:19:11,scattered clouds
87,Aalburg,51.7548,5.1316,61.95,75,0,1.99,NL,2021-10-10 16:19:11,clear sky
88,Hit,33.6416,42.8251,82.85,13,0,4.56,IQ,2021-10-10 16:28:53,clear sky
89,Goundam,16.4145,-3.6708,102.69,7,13,10.27,ML,2021-10-10 16:19:12,few clouds
90,Upernavik,72.7868,-56.1549,32.2,98,100,10.0,GL,2021-10-10 16:19:12,snow
91,Mar Del Plata,-38.0023,-57.5575,62.62,27,20,14.0,AR,2021-10-10 16:17:32,few clouds
92,Shingu,33.7333,135.9833,68.76,91,8,5.1,JP,2021-10-10 16:19:12,clear sky
93,Waipawa,-41.4122,175.5153,52.03,85,0,4.63,NZ,2021-10-10 16:19:13,clear sky
94,Teya,60.3778,92.6267,28.06,90,85,6.76,RU,2021-10-10 16:19:13,overcast clouds
95,Kodiak,57.79,-152.4072,45.91,46,1,12.66,US,2021-10-10 16:19:13,clear sky
96,Komsomolskiy,40.4272,71.7189,50.72,71,96,4.61,UZ,2021-10-10 16:19:14,overcast clouds
97,Katsuura,35.1333,140.3,73.51,68,75,12.39,JP,2021-10-10 16:19:14,broken clouds
98,Ahipara,-35.1667,173.1667,52.57,80,75,4.29,NZ,2021-10-10 16:19:14,broken clouds
99,Coxim,-18.5067,-54.76,88.2,50,99,7.61,BR,2021-10-10 16:19:15,overcast clouds
100,Rocha,-34.4833,-54.3333,65.14,64,76,15.43,UY,2021-10-10 16:19:15,broken clouds
101,Taoudenni,22.6783,-3.9836,105.46,6,85,4.16,ML,2021-10-10 16:19:15,overcast clouds
102,Mandalgovi,45.7625,106.2708,37.85,36,0,9.13,MN,2021-10-10 16:19:16,clear sky
103,Norman Wells,65.282,-126.8329,32.04,93,90,10.36,CA,2021-10-10 16:28:55,light snow
104,Portland,45.5234,-122.6762,54.45,93,75,1.01,US,2021-10-10 16:14:33,broken clouds
105,Velke Karlovice,49.3606,18.2836,47.37,67,93,2.93,CZ,2021-10-10 16:19:16,overcast clouds
106,Seymour,38.9592,-85.8903,79.65,71,100,5.01,US,2021-10-10 16:16:12,overcast clouds
107,Jamestown,42.097,-79.2353,71.19,73,1,8.01,US,2021-10-10 16:17:32,clear sky
108,Xining,36.6167,101.7667,41.85,71,88,1.48,CN,2021-10-10 16:19:17,overcast clouds
109,Hermanus,-34.4187,19.2345,71.8,62,99,2.24,ZA,2021-10-10 16:18:56,overcast clouds
110,Sinnamary,5.3833,-52.95,86.32,64,97,10.25,GF,2021-10-10 16:19:17,overcast clouds
111,Narsaq,60.9167,-46.05,35.82,34,42,2.84,GL,2021-10-10 16:19:18,scattered clouds
112,Canutama,-6.5339,-64.3831,101.25,31,88,3.29,BR,2021-10-10 16:19:18,overcast clouds
113,Klaksvik,62.2266,-6.589,43.72,85,79,27.89,FO,2021-10-10 16:19:18,broken clouds
114,Isangel,-19.55,169.2667,69.82,83,31,11.01,VU,2021-10-10 16:28:56,scattered clouds
115,Nioro,13.35,-15.75,92.39,48,89,5.39,GM,2021-10-10 16:19:19,overcast clouds
116,Yaan,7.3833,8.5667,81.82,75,83,6.35,NG,2021-10-10 16:19:19,broken clouds
117,Broome,42.2506,-75.833,68.54,68,90,3.0,US,2021-10-10 16:28:57,overcast clouds
118,Ostersund,63.1792,14.6357,46.85,100,75,16.11,SE,2021-10-10 16:19:20,moderate rain
119,Umm Lajj,25.0213,37.2685,84.99,70,16,7.83,SA,2021-10-10 16:19:00,few clouds
120,Vaini,-21.2,-175.2,69.96,100,40,3.44,TO,2021-10-10 16:19:00,light rain
121,Hobart,-42.8794,147.3294,41.05,79,27,1.01,AU,2021-10-10 16:28:58,scattered clouds
122,Northam,51.0333,-4.2167,65.82,80,61,12.8,GB,2021-10-10 16:19:20,broken clouds
123,Vuktyl,63.8567,57.3094,32.0,62,100,6.46,RU,2021-10-10 16:19:21,overcast clouds
124,Charlottetown,46.2352,-63.1267,61.56,61,75,5.01,CA,2021-10-10 16:15:39,broken clouds
125,Luderitz,-26.6481,15.1594,78.15,35,4,12.35,NA,2021-10-10 16:19:21,clear sky
126,Barrow,71.2906,-156.7887,28.42,86,90,11.5,US,2021-10-10 16:28:58,mist
127,Bambous Virieux,-20.3428,57.7575,73.22,94,75,3.44,MU,2021-10-10 16:19:18,light rain
128,Quatre Cocos,-20.2078,57.7625,73.09,88,77,13.22,MU,2021-10-10 16:19:19,light rain
129,Anloga,5.7947,0.8973,81.97,76,51,12.82,GH,2021-10-10 16:19:22,broken clouds
130,San Patricio,28.017,-97.5169,88.21,59,12,20.47,US,2021-10-10 16:19:22,few clouds
131,Porto De Moz,-1.7483,-52.2383,97.41,36,95,4.16,BR,2021-10-10 16:19:22,overcast clouds
132,Lebu,-37.6167,-73.65,55.76,71,94,3.47,CL,2021-10-10 16:19:12,overcast clouds
133,Bluff,-46.6,168.3333,55.8,65,100,17.81,NZ,2021-10-10 16:19:23,moderate rain
134,Namatanai,-3.6667,152.4333,79.39,78,28,4.23,PG,2021-10-10 16:19:23,scattered clouds
135,Peru,40.7537,-86.0689,79.61,72,40,13.8,US,2021-10-10 16:19:23,scattered clouds
136,Khatanga,71.9667,102.5,17.1,96,100,5.3,RU,2021-10-10 16:19:21,overcast clouds
137,Miraflores,19.2167,-98.8083,70.03,58,36,2.64,MX,2021-10-10 16:19:24,scattered clouds
138,Poum,-20.2333,164.0167,73.29,65,3,20.92,NC,2021-10-10 16:29:00,clear sky
139,Sroda Wielkopolska,52.2284,17.2762,53.73,49,0,6.02,PL,2021-10-10 16:19:24,clear sky
140,Saint-Philippe,-21.3585,55.7679,72.99,84,27,8.68,RE,2021-10-10 16:29:00,scattered clouds
141,Port Alfred,-33.5906,26.891,62.73,57,18,17.52,ZA,2021-10-10 16:19:24,few clouds
142,Liepaja,56.5419,21.0367,49.98,76,75,5.75,LV,2021-10-10 16:19:25,broken clouds
143,Souillac,-20.5167,57.5167,73.36,94,75,3.44,MU,2021-10-10 16:19:25,light rain
144,Mareeba,-17.0,145.4333,66.92,95,12,2.84,AU,2021-10-10 16:19:26,few clouds
145,Makakilo City,21.3469,-158.0858,73.72,74,90,11.5,US,2021-10-10 16:19:26,overcast clouds
146,Peniche,39.3558,-9.3811,83.88,68,80,8.01,PT,2021-10-10 16:19:26,broken clouds
147,Yulara,-25.2406,130.9889,55.24,67,90,8.05,AU,2021-10-10 16:29:01,overcast clouds
148,Imamoglu,37.2651,35.6572,79.02,29,0,6.11,TR,2021-10-10 16:19:27,clear sky
149,Dukat,62.55,155.55,10.17,78,3,5.97,RU,2021-10-10 16:19:27,clear sky
150,Surgut,61.25,73.4167,28.58,80,40,6.71,RU,2021-10-10 16:19:27,scattered clouds
151,Arraial Do Cabo,-22.9661,-42.0278,71.56,83,90,14.97,BR,2021-10-10 16:19:28,light rain
152,Srednekolymsk,67.45,153.6833,7.97,94,14,3.24,RU,2021-10-10 16:19:28,few clouds
153,Qaanaaq,77.484,-69.3632,29.44,86,100,9.91,GL,2021-10-10 16:19:06,overcast clouds
154,Yerbogachen,61.2767,108.0108,31.32,79,93,14.14,RU,2021-10-10 16:19:02,overcast clouds
155,Akyab,20.15,92.9,83.34,79,100,4.41,MM,2021-10-10 16:19:28,overcast clouds
156,Prainha,-1.8,-53.48,95.88,39,100,5.97,BR,2021-10-10 16:19:29,overcast clouds
157,Emba,48.8264,58.1442,47.66,56,11,7.74,KZ,2021-10-10 16:19:29,few clouds
158,Umm Kaddadah,13.6017,26.6876,97.84,14,94,9.84,SD,2021-10-10 16:19:29,overcast clouds
159,Matagami,49.7502,-77.6328,60.91,100,90,11.5,CA,2021-10-10 16:19:30,overcast clouds
160,Palembang,-2.9167,104.7458,77.92,83,77,3.36,ID,2021-10-10 16:19:30,broken clouds
161,Saskylakh,71.9167,114.0833,11.37,97,100,6.8,RU,2021-10-10 16:19:18,overcast clouds
162,Okhotsk,59.3833,143.3,23.14,83,5,6.8,RU,2021-10-10 16:19:31,clear sky
163,Jemnice,49.019,15.5699,51.85,58,77,4.23,CZ,2021-10-10 16:19:31,broken clouds
164,Menongue,-14.6585,17.691,97.77,10,97,9.04,AO,2021-10-10 16:19:31,overcast clouds
165,Corn Island,12.1694,-83.0418,82.45,78,99,11.92,NI,2021-10-10 16:19:32,overcast clouds
166,Esmeraldas,-19.7625,-44.3139,72.64,89,100,8.99,BR,2021-10-10 16:19:00,overcast clouds
167,Surt,31.2089,16.5887,78.64,62,54,18.25,LY,2021-10-10 16:19:32,broken clouds
168,Qostanay,53.1667,63.5833,40.78,85,100,8.63,KZ,2021-10-10 16:19:32,overcast clouds
169,Thinadhoo,0.5333,72.9333,84.13,71,99,14.34,MV,2021-10-10 16:19:28,overcast clouds
170,Carnarvon,-24.8667,113.6333,66.27,72,0,17.27,AU,2021-10-10 16:29:04,clear sky
171,Mirnyy,62.5353,113.9611,30.04,86,100,16.62,RU,2021-10-10 16:19:33,overcast clouds
172,Tiksi,71.6872,128.8694,26.91,89,100,3.89,RU,2021-10-10 16:29:04,overcast clouds
173,Coquimbo,-29.9533,-71.3436,64.13,48,0,13.8,CL,2021-10-10 16:17:21,clear sky
174,Bundaberg,-24.85,152.35,70.09,78,1,3.0,AU,2021-10-10 16:19:33,clear sky
175,Khandbari,27.3747,87.2039,68.4,90,16,3.36,NP,2021-10-10 16:19:34,few clouds
176,Luanda,-8.8368,13.2343,77.0,73,20,11.5,AO,2021-10-10 16:24:32,few clouds
177,Manokwari,-0.8667,134.0833,78.3,85,65,4.68,ID,2021-10-10 16:19:34,broken clouds
178,Bodden Town,19.2833,-81.25,87.98,71,20,4.0,KY,2021-10-10 16:19:34,few clouds
179,Greenock,55.9484,-4.7612,55.31,82,97,12.39,GB,2021-10-10 16:19:35,overcast clouds
180,Constitucion,-35.3333,-72.4167,59.49,61,14,8.79,CL,2021-10-10 16:19:35,few clouds
181,Savinka,50.0785,47.0994,50.16,42,0,5.77,RU,2021-10-10 16:19:36,clear sky
182,Batken,39.8333,71.0,29.35,76,97,0.76,KG,2021-10-10 16:19:36,overcast clouds
183,Maicao,11.3832,-72.2432,85.19,70,72,8.9,CO,2021-10-10 16:19:36,broken clouds
184,Shache,38.4167,77.2406,51.64,28,98,13.65,CN,2021-10-10 16:19:37,overcast clouds
185,Lobito,-12.3481,13.5456,74.5,82,64,8.14,AO,2021-10-10 16:19:37,broken clouds
186,Astorga,-23.2325,-51.6656,70.2,86,100,10.54,BR,2021-10-10 16:18:01,overcast clouds
187,Patiya,22.2931,91.9762,78.93,91,81,2.33,BD,2021-10-10 16:19:37,broken clouds
188,Nantucket,41.2835,-70.0995,66.31,76,90,14.97,US,2021-10-10 16:19:38,overcast clouds
189,Cidreira,-30.1811,-50.2056,66.34,80,87,16.96,BR,2021-10-10 16:29:06,overcast clouds
190,Henties Bay,-22.116,14.2845,65.86,60,6,8.16,NA,2021-10-10 16:29:07,clear sky
191,Adeje,28.1227,-16.726,76.08,64,40,17.27,ES,2021-10-10 16:19:39,scattered clouds
192,Morgan City,29.6994,-91.2068,85.03,74,75,8.05,US,2021-10-10 16:19:39,broken clouds
193,Homer,59.6425,-151.5483,44.8,81,20,16.11,US,2021-10-10 16:19:39,few clouds
194,Tasiilaq,65.6145,-37.6368,33.96,60,0,3.98,GL,2021-10-10 16:19:11,clear sky
195,Carmen,18.6333,-91.8333,84.24,84,40,5.75,MX,2021-10-10 16:19:40,scattered clouds
196,Mali,12.079,-12.2982,73.31,67,54,2.46,GN,2021-10-10 16:19:40,light rain
197,Ambilobe,-13.2,49.05,78.46,57,97,4.85,MG,2021-10-10 16:19:40,overcast clouds
198,Lavrentiya,65.5833,-171.0,27.25,81,23,2.98,RU,2021-10-10 16:19:40,few clouds
199,Brae,60.3964,-1.353,51.71,88,40,25.21,GB,2021-10-10 16:19:41,scattered clouds
200,Sorland,67.667,12.6934,48.27,82,100,9.89,NO,2021-10-10 16:29:08,overcast clouds
201,Ossora,59.2353,163.0719,31.44,78,9,5.44,RU,2021-10-10 16:19:41,clear sky
202,Tukrah,32.5341,20.5791,79.36,47,0,7.47,LY,2021-10-10 16:19:42,clear sky
203,Storforshei,66.4043,14.5233,65.98,48,75,9.22,NO,2021-10-10 16:19:42,broken clouds
204,Richards Bay,-28.783,32.0377,64.36,65,97,11.61,ZA,2021-10-10 16:29:09,overcast clouds
205,Merke,42.8728,73.1786,42.42,81,100,5.23,KZ,2021-10-10 16:19:42,overcast clouds
206,Tiznit,29.5833,-9.5,83.46,24,100,2.33,MA,2021-10-10 16:19:43,overcast clouds
207,Along,28.1667,94.7667,73.18,93,11,1.88,IN,2021-10-10 16:19:43,few clouds
208,Potosi,-19.5836,-65.7531,62.33,20,0,17.49,BO,2021-10-10 16:19:44,clear sky
209,Almoradi,38.1088,-0.792,77.61,63,100,8.01,ES,2021-10-10 16:19:44,overcast clouds
210,Saldanha,-33.0117,17.9442,62.55,65,90,10.65,ZA,2021-10-10 16:19:31,overcast clouds
211,Rawson,-43.3002,-65.1023,77.41,23,0,4.56,AR,2021-10-10 16:19:44,clear sky
212,Samarai,-10.6167,150.6667,78.96,80,100,11.34,PG,2021-10-10 16:19:45,overcast clouds
213,Sisimiut,66.9395,-53.6735,36.21,68,100,8.97,GL,2021-10-10 16:19:45,overcast clouds
214,Dingle,10.9995,122.6711,75.61,93,100,8.41,PH,2021-10-10 16:19:45,overcast clouds
215,Kishi,9.0833,3.85,88.39,58,65,2.98,NG,2021-10-10 16:19:46,broken clouds
216,Dovolnoye,54.4958,79.6671,40.17,93,98,6.38,RU,2021-10-10 16:19:42,light rain
217,Iqaluit,63.7506,-68.5145,40.73,70,20,2.3,CA,2021-10-10 16:19:38,few clouds
218,Salalah,17.0151,54.0924,80.69,83,75,8.05,OM,2021-10-10 16:19:46,broken clouds
219,Yorosso,12.3536,-4.7761,95.23,31,61,2.06,ML,2021-10-10 16:19:47,broken clouds
220,Turukhansk,65.8167,87.9833,27.32,68,95,9.73,RU,2021-10-10 16:29:11,overcast clouds
221,Sumbe,-11.2061,13.8437,75.83,77,37,4.34,AO,2021-10-10 16:19:47,scattered clouds
222,Tabou,4.423,-7.3528,80.94,77,100,8.5,CI,2021-10-10 16:19:47,overcast clouds
223,Doha,25.2867,51.5333,91.38,36,0,9.22,QA,2021-10-10 16:19:48,clear sky
224,Davlekanovo,54.2215,55.0343,46.42,78,99,4.63,RU,2021-10-10 16:19:48,overcast clouds
225,Tocopilla,-22.092,-70.1979,69.22,62,14,10.09,CL,2021-10-10 16:19:48,few clouds
226,Young,-32.6833,-57.6333,72.23,79,100,12.19,UY,2021-10-10 16:19:49,overcast clouds
227,Hornepayne,49.2138,-84.7705,63.57,81,100,8.68,CA,2021-10-10 16:19:49,overcast clouds
228,Borogontsy,62.6683,131.1683,34.05,98,100,7.27,RU,2021-10-10 16:19:49,light rain
229,Bahia Blanca,-38.7196,-62.2724,73.38,30,0,5.57,AR,2021-10-10 16:19:50,clear sky
230,Alice Springs,-23.7,133.8833,60.35,77,90,12.66,AU,2021-10-10 16:19:18,overcast clouds
231,Puerto Escondido,15.85,-97.0667,85.23,64,92,3.2,MX,2021-10-10 16:19:50,overcast clouds
232,Zeulenroda,50.65,11.9833,53.15,64,6,0.78,DE,2021-10-10 16:19:51,clear sky
233,Meadow Lake,34.8014,-106.5436,61.48,34,26,23.15,US,2021-10-10 16:19:51,scattered clouds
234,Creel,27.75,-107.6333,62.15,40,0,14.32,MX,2021-10-10 16:19:51,clear sky
235,Nanganga,-10.3833,39.15,76.08,71,95,11.5,TZ,2021-10-10 16:19:52,overcast clouds
236,San Borja,-14.8167,-66.85,100.26,33,88,7.83,BO,2021-10-10 16:19:52,overcast clouds
237,Kirakira,-10.4544,161.9205,77.5,87,99,4.03,SB,2021-10-10 16:19:52,overcast clouds
238,Mehamn,71.0357,27.8492,44.78,93,0,6.91,NO,2021-10-10 16:29:13,clear sky
239,Mahon,39.8885,4.2658,68.56,68,20,8.05,ES,2021-10-10 16:19:53,few clouds
240,Sucua,-2.4667,-78.1667,75.94,78,75,2.3,EC,2021-10-10 16:19:53,light rain
241,Hernani,43.2662,-1.9762,67.91,72,75,1.99,ES,2021-10-10 16:19:54,broken clouds
242,Bar Harbor,44.3876,-68.2039,59.92,81,90,1.99,US,2021-10-10 16:19:54,overcast clouds
243,Tombouctou,20.0,-3.0,102.83,5,78,8.63,ML,2021-10-10 16:19:54,broken clouds
244,Kurilsk,45.2333,147.8833,59.7,94,100,21.56,RU,2021-10-10 16:19:55,moderate rain
245,Puerto Ayora,-0.7393,-90.3518,71.55,87,84,8.99,EC,2021-10-10 16:29:14,broken clouds
246,Broken Hill,-31.95,141.4333,48.87,57,98,22.19,AU,2021-10-10 16:19:55,overcast clouds
247,Priyutnoye,46.1011,43.5072,51.62,43,53,10.29,RU,2021-10-10 16:19:55,broken clouds
248,Tirumullaivasal,11.2333,79.8333,77.61,93,100,12.8,IN,2021-10-10 16:19:56,heavy intensity rain
249,Mushie,-3.0167,16.9,80.04,79,100,6.35,CD,2021-10-10 16:19:56,light rain
250,Seoul,37.5683,126.9778,61.99,63,100,7.96,KR,2021-10-10 16:15:11,light rain
251,Imbituba,-28.24,-48.6703,69.69,73,100,11.3,BR,2021-10-10 16:19:56,overcast clouds
252,Mulanje,-16.0316,35.5,85.41,23,0,12.21,MW,2021-10-10 16:19:57,clear sky
253,Kyabe,9.4515,18.9449,84.42,73,100,2.44,TD,2021-10-10 16:19:57,overcast clouds
254,Pevek,69.7008,170.3133,22.39,91,100,6.2,RU,2021-10-10 16:19:57,overcast clouds
255,Balykshi,47.0667,51.8667,50.0,53,0,8.95,KZ,2021-10-10 16:19:58,clear sky
256,Yar-Sale,66.8333,70.8333,28.42,93,72,10.31,RU,2021-10-10 16:19:58,broken clouds
257,Nanortalik,60.1432,-45.2371,39.04,51,23,8.5,GL,2021-10-10 16:19:35,few clouds
258,Husavik,66.0449,-17.3389,39.11,95,99,4.81,IS,2021-10-10 16:19:59,overcast clouds
259,Cherskiy,68.75,161.3,-0.69,99,84,5.59,RU,2021-10-10 16:19:59,broken clouds
260,Geraldton,-28.7667,114.6,52.21,82,100,3.44,AU,2021-10-10 16:19:27,overcast clouds
261,Mogadishu,2.0371,45.3438,78.93,84,15,13.31,SO,2021-10-10 16:17:21,few clouds
262,Warri,5.5167,5.75,81.61,81,99,4.97,NG,2021-10-10 16:20:00,moderate rain
263,Batamshinskiy,50.5594,58.2747,40.98,62,100,4.34,KZ,2021-10-10 16:20:00,overcast clouds
264,Namibe,-15.1961,12.1522,68.68,81,9,9.04,AO,2021-10-10 16:29:15,clear sky
265,Nyurba,63.2842,118.3319,33.49,80,77,11.9,RU,2021-10-10 16:20:01,broken clouds
266,Teguldet,57.3064,88.1667,33.62,87,100,6.69,RU,2021-10-10 16:20:01,overcast clouds
267,Etchojoa,26.9167,-109.6333,82.89,38,0,4.38,MX,2021-10-10 16:20:02,clear sky
268,Huarmey,-10.0681,-78.1522,69.6,75,41,9.08,PE,2021-10-10 16:20:03,scattered clouds
269,Caracoli,6.4119,-74.7606,75.87,92,63,1.9,CO,2021-10-10 16:20:03,broken clouds
270,Serenje,-13.2325,30.2352,79.54,27,18,2.42,ZM,2021-10-10 16:20:04,few clouds
271,Labuhan,-6.8844,112.2051,79.59,74,64,9.37,ID,2021-10-10 16:20:05,broken clouds
272,Vardo,70.3705,31.1107,42.78,87,75,2.3,NO,2021-10-10 16:29:17,broken clouds
273,Paralimni,35.0375,33.9833,77.88,82,0,3.0,CY,2021-10-10 16:20:05,clear sky
274,Kigoma,-4.8769,29.6267,82.27,54,83,4.09,TZ,2021-10-10 16:20:06,broken clouds
275,Saurimo,-9.6608,20.3916,89.22,22,58,4.45,AO,2021-10-10 16:20:07,broken clouds
276,Georgetown,5.4112,100.3354,81.9,86,20,2.3,MY,2021-10-10 16:27:01,light rain
277,Villaviciosa,43.4813,-5.4357,68.0,85,23,8.28,ES,2021-10-10 16:20:07,few clouds
278,Wells,51.2079,-2.649,66.29,66,66,7.2,GB,2021-10-10 16:15:35,broken clouds
279,Apollonia,36.9716,24.7231,72.91,82,15,7.18,GR,2021-10-10 16:20:08,few clouds
280,Corrente,-3.7367,-43.3394,97.23,33,87,4.38,BR,2021-10-10 16:20:09,overcast clouds
281,Sao Filipe,14.8961,-24.4956,81.66,69,0,4.63,CV,2021-10-10 16:19:30,clear sky
282,Hobyo,5.3505,48.5268,79.59,84,15,18.52,SO,2021-10-10 16:19:36,few clouds
283,Mayo,38.8876,-76.5119,71.94,89,90,8.01,US,2021-10-10 16:20:09,overcast clouds
284,Baykit,61.67,96.37,28.45,88,95,6.91,RU,2021-10-10 16:20:10,light snow
285,Kushiro,42.975,144.3747,62.78,96,99,27.49,JP,2021-10-10 16:20:10,overcast clouds
286,High Level,58.5169,-117.136,37.51,65,20,3.44,CA,2021-10-10 16:20:11,few clouds
287,Port-Gentil,-0.7193,8.7815,80.56,78,40,9.22,GA,2021-10-10 16:20:11,scattered clouds
288,Necochea,-38.5473,-58.7368,67.03,64,0,10.36,AR,2021-10-10 16:29:19,clear sky
289,Chandbali,20.7833,86.7667,81.86,75,5,2.53,IN,2021-10-10 16:20:12,clear sky
290,Moorhead,46.8739,-96.7676,55.94,88,90,5.01,US,2021-10-10 16:20:12,overcast clouds
291,Harper,4.375,-7.7169,80.67,78,100,8.14,LR,2021-10-10 16:29:20,overcast clouds
292,Airai,-8.9266,125.4092,61.34,72,100,1.48,TL,2021-10-10 16:20:12,overcast clouds
293,Abha,18.2164,42.5053,73.22,20,0,14.97,SA,2021-10-10 16:20:13,clear sky
294,Jiayuguan,39.8167,98.3,43.27,18,0,6.17,CN,2021-10-10 16:20:13,clear sky
295,Paka,4.6374,103.4368,76.93,88,89,1.14,MY,2021-10-10 16:20:13,moderate rain
296,Killarney,52.05,-9.5167,60.85,67,20,6.91,IE,2021-10-10 16:15:46,few clouds
297,Verkhovyna,48.1557,24.7911,38.59,57,69,2.59,UA,2021-10-10 16:20:14,broken clouds
298,Nandyal,15.4833,78.4833,77.05,85,94,2.01,IN,2021-10-10 16:20:14,overcast clouds
299,Dieppe,49.75,1.1667,60.22,80,17,9.35,FR,2021-10-10 16:15:46,few clouds
300,Macae,-22.3708,-41.7869,71.47,100,90,9.22,BR,2021-10-10 16:20:15,light rain
301,Hofn,64.2539,-15.2082,44.62,93,75,5.75,IS,2021-10-10 16:29:21,broken clouds
302,Provideniya,64.3833,-173.3,27.79,93,100,7.56,RU,2021-10-10 16:29:22,overcast clouds
303,Saint-Joseph,-21.3667,55.6167,71.98,82,26,8.48,RE,2021-10-10 16:20:15,scattered clouds
304,Huinan,42.6225,126.2614,42.6,72,52,5.77,CN,2021-10-10 16:20:16,broken clouds
305,Ancud,-41.8697,-73.8203,58.42,74,87,7.29,CL,2021-10-10 16:29:22,overcast clouds
306,Dunedin,-45.8742,170.5036,52.81,87,75,11.99,NZ,2021-10-10 16:20:17,broken clouds
307,Ponta Do Sol,32.6667,-17.1,77.72,69,7,2.53,PT,2021-10-10 16:29:23,clear sky
308,Aswan,24.0934,32.907,106.9,15,0,5.75,EG,2021-10-10 16:29:23,clear sky
309,Le Port,-20.9373,55.2919,73.4,76,16,2.68,RE,2021-10-10 16:20:17,few clouds
310,Yermakovskoye,53.2831,92.4003,41.02,67,52,2.39,RU,2021-10-10 16:20:17,broken clouds
311,Udarnyy,54.3409,42.8611,43.68,69,10,3.11,RU,2021-10-10 16:19:12,clear sky
312,Vanimo,-2.6741,141.3028,79.57,89,93,5.08,PG,2021-10-10 16:20:00,overcast clouds
313,Batemans Bay,-35.7167,150.1833,51.1,89,100,5.26,AU,2021-10-10 16:20:18,overcast clouds
314,Salihorsk,52.7876,27.5415,41.92,58,37,5.39,BY,2021-10-10 16:20:18,scattered clouds
315,Heze,35.2431,115.4411,52.27,65,71,6.58,CN,2021-10-10 16:20:19,light rain
316,Thaba-Tseka,-29.522,28.6084,59.11,17,0,5.12,LS,2021-10-10 16:20:19,clear sky
317,Yenagoa,4.9247,6.2642,83.26,75,93,4.45,NG,2021-10-10 16:20:19,light rain
318,Margate,51.3813,1.3862,63.03,87,96,3.0,GB,2021-10-10 16:29:24,overcast clouds
319,Ulaangom,49.9811,92.0667,35.1,64,5,1.54,MN,2021-10-10 16:20:20,clear sky
320,Buala,-8.145,159.5921,78.84,84,73,2.95,SB,2021-10-10 16:29:25,broken clouds
321,Port Blair,11.6667,92.75,80.4,85,89,13.71,IN,2021-10-10 16:20:20,overcast clouds
322,Ilulissat,69.2167,-51.1,33.82,69,100,2.3,GL,2021-10-10 16:29:25,light intensity shower rain
323,Diffa,13.3154,12.6113,98.94,10,50,11.59,NE,2021-10-10 16:20:21,scattered clouds
324,Lagoa,39.05,-27.9833,69.44,90,100,19.3,PT,2021-10-10 16:29:25,overcast clouds
325,Kasongo,-4.45,26.6667,77.72,67,96,5.97,CD,2021-10-10 16:20:21,overcast clouds
326,Nelson Bay,-32.7167,152.15,62.76,98,100,1.01,AU,2021-10-10 16:20:21,light rain
327,Moncada,39.5456,-0.3955,73.51,68,20,5.01,ES,2021-10-10 16:20:22,few clouds
328,Saint-Augustin,51.226,-58.6502,53.73,40,80,6.24,CA,2021-10-10 16:29:26,broken clouds
329,Port Macquarie,-31.4333,152.9167,65.89,94,90,5.75,AU,2021-10-10 16:20:22,moderate rain
330,Rudbar,30.15,62.6,62.38,14,0,14.12,AF,2021-10-10 16:20:22,clear sky
331,Gioia Tauro,38.424,15.899,71.28,68,84,16.98,IT,2021-10-10 16:20:23,broken clouds
332,Soligalich,59.0778,42.2864,48.51,87,100,6.53,RU,2021-10-10 16:20:23,overcast clouds
333,Lopsmarka,67.3134,14.4493,49.89,92,75,4.0,NO,2021-10-10 16:20:24,light rain
334,The Valley,18.217,-63.0578,89.46,62,20,20.71,AI,2021-10-10 16:20:24,few clouds
335,Kusti,13.1629,32.6635,90.39,45,92,7.16,SD,2021-10-10 16:20:24,overcast clouds
336,Cooma,-36.2333,149.1333,38.97,100,90,9.22,AU,2021-10-10 16:20:25,overcast clouds
337,Xaxim,-26.9617,-52.5347,73.78,67,99,4.27,BR,2021-10-10 16:20:25,overcast clouds
338,Bolobo,-2.1667,16.2333,77.83,88,100,4.09,CD,2021-10-10 16:20:25,light rain
339,Venado Tuerto,-33.7456,-61.9688,70.79,42,79,9.33,AR,2021-10-10 16:20:26,light rain
340,Zonguldak,41.25,31.8333,56.14,90,94,2.93,TR,2021-10-10 16:20:26,overcast clouds
341,Puerto Colombia,10.9878,-74.9547,86.09,77,100,7.45,CO,2021-10-10 16:20:26,overcast clouds
342,Nikolskoye,59.7035,30.7861,55.87,68,25,7.9,RU,2021-10-10 16:29:28,light rain
343,Bintulu,3.1667,113.0333,79.21,100,20,0.0,MY,2021-10-10 16:17:49,few clouds
344,Grindavik,63.8424,-22.4338,42.75,87,75,11.5,IS,2021-10-10 16:19:57,broken clouds
345,Virar,19.4667,72.8,80.69,79,85,1.52,IN,2021-10-10 16:20:27,light rain
346,Fairbanks,64.8378,-147.7164,34.61,94,90,5.75,US,2021-10-10 16:20:04,light snow
347,Atocha,-20.9333,-66.2333,62.04,11,0,38.21,BO,2021-10-10 16:20:27,clear sky
348,Dwarka,22.2394,68.9678,83.01,75,3,8.68,IN,2021-10-10 16:20:28,clear sky
349,Kavieng,-2.5744,150.7967,81.81,79,82,7.72,PG,2021-10-10 16:20:28,broken clouds
350,Halifax,44.6453,-63.5724,62.01,50,85,2.3,CA,2021-10-10 16:17:49,overcast clouds
351,Pantai Remis,4.4557,100.6288,80.62,80,99,6.69,MY,2021-10-10 16:20:28,overcast clouds
352,Inuvik,68.3499,-133.7218,28.44,96,75,3.44,CA,2021-10-10 16:20:29,light snow
353,Coos Bay,43.3665,-124.2179,56.23,97,90,0.0,US,2021-10-10 16:20:11,mist
354,Kavaratti,10.5669,72.642,82.15,81,99,10.71,IN,2021-10-10 16:20:29,overcast clouds
355,Caravelas,-17.7125,-39.2481,77.22,71,100,8.12,BR,2021-10-10 16:29:29,overcast clouds
356,Pangnirtung,66.1451,-65.7125,30.2,100,40,4.61,CA,2021-10-10 16:20:30,scattered clouds
357,Leningradskiy,69.3833,178.4167,18.37,91,100,4.88,RU,2021-10-10 16:29:15,overcast clouds
358,San Juan,-31.5375,-68.5364,71.89,34,18,3.98,AR,2021-10-10 16:20:30,few clouds
359,Vicuna,-30.0319,-70.7081,76.77,18,0,7.96,CL,2021-10-10 16:20:30,clear sky
360,Zhigansk,66.7697,123.3711,32.85,99,100,13.6,RU,2021-10-10 16:20:31,light snow
361,Buraydah,26.326,43.975,93.65,12,0,10.87,SA,2021-10-10 16:20:15,clear sky
362,Santa Cruz,-17.8,-63.1667,89.06,55,75,2.3,BO,2021-10-10 16:20:31,broken clouds
363,Tamandare,-8.7597,-35.1047,84.13,56,83,8.21,BR,2021-10-10 16:20:32,broken clouds
364,Flinders,-34.5833,150.8552,55.2,87,100,7.0,AU,2021-10-10 16:20:32,overcast clouds
365,Lompoc,34.6391,-120.4579,74.08,69,1,8.01,US,2021-10-10 16:20:32,clear sky
366,Ouesso,1.6136,16.0517,74.07,97,99,4.76,CG,2021-10-10 16:20:33,moderate rain
367,Amahai,-3.3333,128.9167,78.62,87,70,2.42,ID,2021-10-10 16:20:33,broken clouds
368,Tuatapere,-46.1333,167.6833,54.82,86,100,7.29,NZ,2021-10-10 16:29:17,light rain
369,Aligudarz,33.4006,49.6949,56.84,32,0,5.12,IR,2021-10-10 16:20:34,clear sky
370,Touros,-5.1989,-35.4608,88.7,55,61,15.39,BR,2021-10-10 16:20:34,broken clouds
371,Port Hedland,-20.3167,118.5667,68.05,77,10,4.61,AU,2021-10-10 16:20:34,clear sky
372,Pitimbu,-7.4706,-34.8086,84.79,65,96,12.86,BR,2021-10-10 16:19:54,overcast clouds
373,Guozhen,34.3659,107.359,46.8,83,100,2.57,CN,2021-10-10 16:20:35,light rain
374,Merauke,-8.4667,140.3333,77.58,87,81,11.59,ID,2021-10-10 16:20:35,broken clouds
375,Kloulklubed,7.0419,134.2556,77.5,74,93,13.0,PW,2021-10-10 16:20:35,light rain
376,Uspenka,48.3903,39.1619,49.95,47,73,6.89,UA,2021-10-10 16:20:36,broken clouds
377,Teruel,40.6667,-0.6667,65.68,48,64,5.93,ES,2021-10-10 16:20:36,broken clouds
378,Tonj,7.2737,28.6822,78.06,76,84,4.79,SS,2021-10-10 16:20:36,light rain
379,Petropavlovsk-Kamchatskiy,53.0452,158.6483,36.19,81,75,4.47,RU,2021-10-10 16:19:47,light intensity shower rain
380,Oranjemund,-28.55,16.4333,74.05,37,33,15.05,NA,2021-10-10 16:20:37,scattered clouds
381,Kristinehamn,59.3098,14.1081,55.38,78,100,17.96,SE,2021-10-10 16:20:37,overcast clouds
382,Troy,42.6056,-83.1499,73.78,90,75,1.99,US,2021-10-10 16:17:15,broken clouds
383,Zamania,25.4333,83.5667,77.83,67,0,1.97,IN,2021-10-10 16:20:38,clear sky
384,Quirinopolis,-18.4483,-50.4517,83.03,53,99,6.96,BR,2021-10-10 16:20:38,moderate rain
385,Tikapur,28.5,81.1333,74.39,73,0,3.78,NP,2021-10-10 16:20:38,clear sky
386,Bandarbeyla,9.4942,50.8122,79.97,82,63,22.37,SO,2021-10-10 16:19:55,broken clouds
387,Le Pont-De-Claix,45.1244,5.7064,59.81,74,87,5.55,FR,2021-10-10 16:20:39,overcast clouds
388,The Pas,53.8251,-101.2541,55.42,67,1,10.36,CA,2021-10-10 16:20:39,clear sky
389,Duki,30.1541,68.5728,75.29,17,0,7.65,PK,2021-10-10 16:20:40,clear sky
390,Hovd,48.0056,91.6419,36.97,36,2,1.74,MN,2021-10-10 16:29:34,clear sky
391,Dhidhdhoo,6.8833,73.1,82.35,80,40,17.2,MV,2021-10-10 16:29:34,scattered clouds
392,Raudeberg,61.9875,5.1352,51.4,93,63,8.01,NO,2021-10-10 16:20:40,broken clouds
393,Murray Bridge,-35.1167,139.2667,47.12,66,47,6.82,AU,2021-10-10 16:15:46,scattered clouds
394,Kutum,14.2,24.6667,89.67,14,13,5.44,SD,2021-10-10 16:20:41,few clouds
395,Kollam,8.8833,76.6,80.47,86,95,6.08,IN,2021-10-10 16:20:41,heavy intensity rain
396,Sao Joao Da Barra,-21.6403,-41.0511,69.89,90,100,13.49,BR,2021-10-10 16:20:25,overcast clouds
397,Bengkulu,-3.8004,102.2655,76.73,90,67,4.07,ID,2021-10-10 16:29:35,light rain
398,Pisco,-13.7,-76.2167,64.02,82,87,12.66,PE,2021-10-10 16:20:35,overcast clouds
399,San Quintin,30.4833,-115.95,67.51,66,0,1.16,MX,2021-10-10 16:18:44,clear sky
400,Wanganui,-39.9333,175.05,52.74,85,65,5.01,NZ,2021-10-10 16:20:42,broken clouds
401,Zandvoort,52.3749,4.5341,61.92,78,75,5.75,NL,2021-10-10 16:20:42,broken clouds
402,Bilibino,68.0546,166.4372,-3.23,100,96,3.04,RU,2021-10-10 16:20:43,overcast clouds
403,Hami,42.8,93.45,51.1,23,0,6.73,CN,2021-10-10 16:20:39,clear sky
404,Vaitape,-16.5167,-151.75,79.3,72,65,11.27,PF,2021-10-10 16:20:43,broken clouds
405,Iberia,29.9502,-91.7507,84.96,65,40,10.36,US,2021-10-10 16:20:43,scattered clouds
406,Beinamar,8.6698,15.3813,77.49,86,100,11.45,TD,2021-10-10 16:20:44,heavy intensity rain
407,Bonavista,48.6499,-53.1147,46.4,70,53,30.8,CA,2021-10-10 16:29:36,broken clouds
408,Ilhabela,-23.7781,-45.3581,67.69,94,100,9.6,BR,2021-10-10 16:20:44,overcast clouds
409,Tala,30.6803,30.9429,78.42,46,0,12.35,EG,2021-10-10 16:20:44,clear sky
410,Brunico,46.7958,11.9364,55.69,62,2,5.32,IT,2021-10-10 16:20:45,clear sky
411,Thompson,55.7435,-97.8558,41.16,100,90,4.61,CA,2021-10-10 16:29:37,mist
412,Madimba,-10.4,40.3333,76.57,81,78,10.18,TZ,2021-10-10 16:20:45,broken clouds
413,Beringovskiy,63.05,179.3167,29.84,88,99,8.93,RU,2021-10-10 16:19:44,light snow
414,Beruwala,6.4788,79.9828,79.41,87,95,8.88,LK,2021-10-10 16:20:46,overcast clouds
415,Boden,65.8252,21.6886,50.0,94,100,3.8,SE,2021-10-10 16:20:46,light rain
416,Conceicao Do Araguaia,-8.2578,-49.2647,101.64,27,100,2.44,BR,2021-10-10 16:29:38,overcast clouds
417,Bethel,41.3712,-73.414,63.75,84,90,3.0,US,2021-10-10 16:29:38,overcast clouds
418,Naze,28.3667,129.4833,77.52,87,44,16.53,JP,2021-10-10 16:29:38,scattered clouds
419,Xianyang,34.3378,108.7026,47.44,93,0,6.71,CN,2021-10-10 16:20:47,clear sky
420,Sept-Iles,50.2001,-66.3821,55.92,75,75,1.99,CA,2021-10-10 16:20:47,broken clouds
421,Vila Franca Do Campo,37.7167,-25.4333,73.81,80,94,9.57,PT,2021-10-10 16:20:48,overcast clouds
422,Bose,45.4612,8.0137,61.99,72,14,2.35,IT,2021-10-10 16:20:48,few clouds
423,Caluquembe,-13.7833,14.6833,85.33,24,95,7.05,AO,2021-10-10 16:20:48,overcast clouds
424,Wad Madani,14.4012,33.5199,79.27,75,91,20.13,SD,2021-10-10 16:16:09,overcast clouds
425,Moyobamba,-6.05,-76.9667,84.36,57,42,1.3,PE,2021-10-10 16:20:49,scattered clouds
426,Eldorado,-23.7869,-54.2836,67.6,92,100,8.43,BR,2021-10-10 16:20:49,overcast clouds
427,Shakawe,-18.3667,21.85,95.18,5,0,8.88,BW,2021-10-10 16:20:49,clear sky
428,Wajima,37.4,136.9,73.31,83,3,15.95,JP,2021-10-10 16:20:50,clear sky
429,Ixtapa,20.7,-105.2,88.23,83,75,4.61,MX,2021-10-10 16:19:40,broken clouds
430,Mahanoro,-19.9,48.8,70.5,85,0,5.21,MG,2021-10-10 16:20:32,clear sky
431,Raahe,64.6833,24.4833,53.69,91,100,18.84,FI,2021-10-10 16:20:50,overcast clouds
432,Sanandaj,35.3144,46.9923,66.18,20,0,4.88,IR,2021-10-10 16:20:51,clear sky
433,Nuuk,64.1835,-51.7216,36.21,75,75,6.91,GL,2021-10-10 16:29:19,broken clouds
434,Naugachhia,25.4,87.1,78.94,67,0,6.4,IN,2021-10-10 16:20:51,clear sky
435,Panguipulli,-39.6333,-72.3333,53.31,58,42,4.88,CL,2021-10-10 16:20:51,scattered clouds
436,Shchelkun,56.3034,60.9483,29.77,61,98,2.59,RU,2021-10-10 16:20:52,overcast clouds
437,Nosy Varika,-20.5833,48.5333,71.04,83,0,6.49,MG,2021-10-10 16:20:52,clear sky
438,Ampanihy,-24.7,44.75,69.03,76,20,7.9,MG,2021-10-10 16:20:53,few clouds
439,Chuy,-33.6971,-53.4616,64.47,68,69,15.9,UY,2021-10-10 16:19:43,broken clouds
440,Temecula,33.4936,-117.1484,72.64,66,1,0.0,US,2021-10-10 16:20:35,clear sky
441,Kuah,6.3265,99.8432,82.38,89,20,2.3,MY,2021-10-10 16:20:53,few clouds
442,Paraiso,9.8383,-83.8656,81.88,51,20,4.0,CR,2021-10-10 16:20:54,few clouds
443,Rangapara,26.8167,92.65,77.34,86,1,3.11,IN,2021-10-10 16:20:54,clear sky
444,Evensk,61.95,159.2333,25.93,67,41,5.66,RU,2021-10-10 16:20:38,scattered clouds
445,Morro Agudo,-20.7314,-48.0578,77.02,75,98,7.45,BR,2021-10-10 16:20:55,overcast clouds
446,Palaikastron,35.2,26.25,75.74,69,0,4.32,GR,2021-10-10 16:20:55,clear sky
447,Longyearbyen,78.2186,15.6401,19.24,86,20,11.5,SJ,2021-10-10 16:29:42,few clouds
448,Athabasca,54.7169,-113.2854,46.22,76,100,10.87,CA,2021-10-10 16:20:55,overcast clouds
449,Puerto Leguizamo,-0.1934,-74.7819,91.56,53,72,1.95,CO,2021-10-10 16:20:56,moderate rain
450,Yugorsk,61.3133,63.3319,29.82,54,7,3.85,RU,2021-10-10 16:20:56,clear sky
451,Estepa,37.2926,-4.879,79.02,38,56,14.79,ES,2021-10-10 16:20:56,broken clouds
452,Marsh Harbour,26.5412,-77.0636,81.3,65,40,3.29,BS,2021-10-10 16:20:57,scattered clouds
453,Novyy Urengoy,66.0833,76.6333,29.05,64,34,11.5,RU,2021-10-10 16:20:35,scattered clouds
454,Tairua,-37.0167,175.85,51.1,85,5,8.68,NZ,2021-10-10 16:20:57,clear sky
455,Oranjestad,12.524,-70.027,87.75,70,75,9.22,AW,2021-10-10 16:20:58,broken clouds
456,Ostrovnoy,68.0531,39.5131,42.58,95,100,3.58,RU,2021-10-10 16:20:58,overcast clouds
457,Rosetta,31.4044,30.4164,76.05,66,2,13.06,EG,2021-10-10 16:20:58,clear sky
458,Gambiran,-6.7988,111.4951,79.16,70,81,2.44,ID,2021-10-10 16:20:59,broken clouds
459,Nizhniy Odes,63.6445,54.856,33.96,63,100,8.12,RU,2021-10-10 16:20:59,overcast clouds
460,Zelenogorskiy,55.0333,87.0,43.32,84,100,3.06,RU,2021-10-10 16:21:00,overcast clouds
461,Maniitsoq,65.4167,-52.9,36.86,63,98,7.61,GL,2021-10-10 16:21:00,overcast clouds
462,Svarstad,59.399,9.9698,55.71,56,56,3.0,NO,2021-10-10 16:21:01,broken clouds
463,Rindal,63.0565,9.2124,47.66,91,100,5.28,NO,2021-10-10 16:21:01,overcast clouds
464,Aykhal,66.0,111.5,25.52,95,100,13.53,RU,2021-10-10 16:21:01,overcast clouds
465,Ewa Beach,21.3156,-158.0072,75.15,74,75,15.99,US,2021-10-10 16:17:59,broken clouds
466,Oum Hadjer,13.2954,19.6966,99.72,14,77,5.75,TD,2021-10-10 16:21:02,broken clouds
467,Keningau,5.3378,116.1602,77.45,93,100,1.57,MY,2021-10-10 16:21:03,light rain
468,Anchorage,61.2181,-149.9003,43.2,89,75,1.01,US,2021-10-10 16:17:02,broken clouds
469,Belle Fourche,44.6714,-103.8522,61.9,50,88,15.19,US,2021-10-10 16:21:03,overcast clouds
470,Hay River,60.8156,-115.7999,37.38,87,75,13.8,CA,2021-10-10 16:21:04,broken clouds
471,Shenjiamen,29.9576,122.298,77.41,87,5,7.11,CN,2021-10-10 16:21:04,clear sky
472,San Andres,12.5847,-81.7006,87.82,74,40,12.66,CO,2021-10-10 16:15:36,scattered clouds
473,Yuancheng,36.652,107.7896,43.93,70,100,3.67,CN,2021-10-10 16:21:04,overcast clouds
474,Enid,36.3956,-97.8784,77.16,59,1,5.01,US,2021-10-10 16:21:05,clear sky
475,Saint-Paul,-21.0096,55.2707,73.51,76,21,3.89,RE,2021-10-10 16:21:05,few clouds
476,Aklavik,68.2191,-135.0107,28.4,93,90,6.91,CA,2021-10-10 16:29:46,light snow
477,Dhone,15.4167,77.8833,79.45,78,89,2.48,IN,2021-10-10 16:21:06,overcast clouds
478,Aranos,-24.1333,19.1167,84.76,6,0,12.68,NA,2021-10-10 16:21:06,clear sky
479,Roebourne,-20.7833,117.1333,76.75,38,5,8.79,AU,2021-10-10 16:21:06,clear sky
480,Urusha,54.05,122.9,31.68,79,38,4.05,RU,2021-10-10 16:21:07,scattered clouds
481,Sindor,62.8629,51.8905,35.08,81,100,8.25,RU,2021-10-10 16:21:07,overcast clouds
482,Sur,22.5667,59.5289,83.82,59,3,2.1,OM,2021-10-10 16:20:48,clear sky
483,Severomuysk,56.1481,113.4267,18.05,92,88,2.53,RU,2021-10-10 16:21:07,overcast clouds
484,Bordighera,43.7806,7.6645,67.48,74,57,11.01,IT,2021-10-10 16:21:08,broken clouds
485,Olafsvik,64.8945,-23.7142,40.32,66,93,7.83,IS,2021-10-10 16:21:08,overcast clouds
486,Pittsburg,38.028,-121.8847,63.41,63,1,1.01,US,2021-10-10 16:21:09,clear sky
487,Oriximina,-1.7656,-55.8661,96.64,38,100,4.7,BR,2021-10-10 16:20:20,overcast clouds
488,Mwinilunga,-11.7358,24.4293,87.69,19,16,6.49,ZM,2021-10-10 16:21:09,few clouds
489,Ambon,-3.6954,128.1814,77.14,94,20,8.05,ID,2021-10-10 16:20:23,few clouds
490,Bowen,-20.0167,148.2333,72.55,72,47,9.51,AU,2021-10-10 16:21:09,scattered clouds
491,Belyy Yar,53.6039,91.3903,42.69,52,0,4.47,RU,2021-10-10 16:21:10,clear sky
492,Otse,-25.0167,25.7333,83.57,12,0,6.02,BW,2021-10-10 16:21:10,clear sky
493,Outjo,-20.1167,16.15,96.58,5,0,6.24,NA,2021-10-10 16:21:11,clear sky
494,Quelimane,-17.8786,36.8883,78.75,83,75,6.91,MZ,2021-10-10 16:21:11,broken clouds
495,Camargo,27.6667,-105.1667,79.07,29,5,11.83,MX,2021-10-10 16:21:11,clear sky
496,Bhinga,27.7167,81.9333,75.43,67,8,3.71,IN,2021-10-10 16:21:12,clear sky
497,Maxixe,-23.8597,35.3472,69.62,73,75,16.11,MZ,2021-10-10 16:21:12,broken clouds
498,Formosa Do Rio Preto,-11.0483,-45.1931,100.27,18,83,6.46,BR,2021-10-10 16:21:13,broken clouds
499,Esperance,-33.8667,121.9,51.64,62,87,17.54,AU,2021-10-10 16:29:49,overcast clouds
500,Rochegda,62.8,43.25,49.69,94,100,10.6,RU,2021-10-10 16:21:13,overcast clouds
501,Valparaiso,-33.0393,-71.6273,70.03,55,20,13.8,CL,2021-10-10 16:21:13,few clouds
502,Tupik,54.4253,119.9327,33.19,74,9,8.3,RU,2021-10-10 16:21:14,clear sky
503,Mount Gambier,-37.8333,140.7667,47.68,57,83,6.51,AU,2021-10-10 16:18:21,broken clouds
504,Zwedru,6.0667,-8.1281,80.11,89,94,4.05,LR,2021-10-10 16:21:14,moderate rain
505,Perama,37.9757,23.5828,70.77,73,100,2.06,GR,2021-10-10 16:21:15,overcast clouds
506,Singleton,-32.5667,151.1833,63.7,92,100,5.01,AU,2021-10-10 16:21:15,overcast clouds
507,Sangar,63.9242,127.4739,33.31,99,100,7.94,RU,2021-10-10 16:21:15,snow
508,Adre,13.4667,22.2,88.95,22,9,1.81,TD,2021-10-10 16:17:20,clear sky
509,La Ronge,55.1001,-105.2842,43.05,70,90,0.0,CA,2021-10-10 16:29:50,overcast clouds
510,Faya,18.3851,42.4509,73.51,29,47,13.27,SA,2021-10-10 16:29:50,scattered clouds
511,Antofagasta,-23.65,-70.4,66.22,60,45,11.43,CL,2021-10-10 16:19:36,scattered clouds
512,Upata,8.0086,-62.3989,86.2,53,62,6.26,VE,2021-10-10 16:21:16,broken clouds
513,Karratha,-20.7377,116.8463,76.23,43,5,8.52,AU,2021-10-10 16:29:51,clear sky
514,Banda Aceh,5.5577,95.3222,80.4,81,96,16.2,ID,2021-10-10 16:20:58,overcast clouds
515,Pilani,28.3684,75.6041,87.37,30,0,7.85,IN,2021-10-10 16:21:17,clear sky
516,Ridgecrest,35.6225,-117.6709,64.65,20,1,1.01,US,2021-10-10 16:21:05,clear sky
517,Columbus,39.9612,-82.9988,79.29,70,40,3.0,US,2021-10-10 16:16:47,scattered clouds
518,Lovozero,68.005,35.0117,40.24,97,100,1.92,RU,2021-10-10 16:21:17,overcast clouds
519,Vestmannaeyjar,63.4427,-20.2734,45.59,87,90,16.11,IS,2021-10-10 16:20:44,overcast clouds
520,Basco,20.4487,121.9702,80.22,87,100,39.53,PH,2021-10-10 16:21:18,overcast clouds
521,Catamarca,-28.4696,-65.7852,80.78,45,10,1.99,AR,2021-10-10 16:20:47,clear sky
522,Corinto,37.9407,22.9573,71.89,73,96,1.01,GR,2021-10-10 16:19:38,overcast clouds
523,Mogzon,51.7435,111.9606,30.13,81,8,3.56,RU,2021-10-10 16:21:18,clear sky
524,Koslan,63.4564,48.8989,37.71,96,100,9.15,RU,2021-10-10 16:20:20,overcast clouds
525,Itaituba,-4.2761,-55.9836,93.36,59,40,8.05,BR,2021-10-10 16:21:19,scattered clouds
526,Mayahi,13.9553,7.6712,98.91,9,100,9.64,NE,2021-10-10 16:21:19,overcast clouds
527,Salinopolis,-0.6136,-47.3561,85.93,65,15,14.05,BR,2021-10-10 16:21:19,few clouds
528,Krasnoselkup,65.7,82.4667,26.49,76,37,11.07,RU,2021-10-10 16:21:20,scattered clouds
529,Sechura,-5.5569,-80.8222,75.61,62,26,9.93,PE,2021-10-10 16:19:59,scattered clouds
530,Verkhnevilyuysk,63.4453,120.3167,33.82,84,97,9.73,RU,2021-10-10 16:21:20,overcast clouds
531,Porto Santo,33.072,-16.3415,75.11,64,40,14.97,PT,2021-10-10 16:21:21,scattered clouds
532,Pelym,61.0108,61.9978,29.55,55,11,3.4,RU,2021-10-10 16:21:20,few clouds
533,Moree,-29.4667,149.85,60.82,94,90,8.05,AU,2021-10-10 16:20:56,light rain
534,Bathsheba,13.2167,-59.5167,83.01,83,75,23.02,BB,2021-10-10 16:21:14,broken clouds
535,Big Spring,32.2504,-101.4787,86.27,41,1,8.99,US,2021-10-10 16:21:21,clear sky
536,San Cristobal,7.7669,-72.225,77.18,62,93,2.75,VE,2021-10-10 16:20:58,overcast clouds
537,Pringsewu,-5.3582,104.9744,75.16,93,36,3.76,ID,2021-10-10 16:21:22,scattered clouds
538,Juazeiro,-9.4117,-40.4986,93.38,27,0,8.05,BR,2021-10-10 16:21:22,clear sky
539,Thibodaux,29.7958,-90.8229,85.01,71,4,8.01,US,2021-10-10 16:21:23,clear sky
540,Angoche,-16.2325,39.9086,78.06,83,1,17.29,MZ,2021-10-10 16:21:23,clear sky
541,Virginia Beach,36.8529,-75.978,75.99,79,90,4.0,US,2021-10-10 16:25:41,overcast clouds
542,Mossendjo,-2.9506,12.7261,78.04,72,100,2.53,CG,2021-10-10 16:21:23,overcast clouds
543,Cayenne,4.9333,-52.3333,91.44,75,0,7.0,GF,2021-10-10 16:29:54,clear sky
544,Kahului,20.8947,-156.47,75.85,82,20,9.22,US,2021-10-10 16:19:56,few clouds
545,Warrington,53.3925,-2.5802,59.86,71,20,3.0,GB,2021-10-10 16:21:24,few clouds
546,Ode,7.7899,5.7117,80.08,79,97,3.87,NG,2021-10-10 16:21:24,light rain
547,Oxbow,49.2333,-102.1676,57.63,51,97,5.66,CA,2021-10-10 16:21:24,overcast clouds
548,Jalu,29.0331,21.5482,86.52,20,0,8.79,LY,2021-10-10 16:21:25,clear sky
549,Motala,58.5371,15.0365,51.58,76,99,5.99,SE,2021-10-10 16:21:25,overcast clouds
550,Sola,-13.8833,167.55,79.88,78,99,17.49,VU,2021-10-10 16:21:25,overcast clouds
551,Maningrida,-12.0667,134.2667,77.49,84,95,3.44,AU,2021-10-10 16:20:19,overcast clouds
552,Long Xuyen,10.3833,105.4167,76.95,85,100,9.01,VN,2021-10-10 16:21:26,overcast clouds
553,Sokolo,14.7328,-6.1219,102.85,10,38,4.7,ML,2021-10-10 16:21:26,scattered clouds
554,Araouane,18.9048,-3.5265,102.78,5,22,10.89,ML,2021-10-10 16:21:26,few clouds
555,Ust-Nera,64.5667,143.2,22.77,75,97,4.12,RU,2021-10-10 16:21:10,overcast clouds
556,Ulladulla,-35.35,150.4667,47.3,89,100,11.36,AU,2021-10-10 16:29:56,overcast clouds
557,Deputatskiy,69.3,139.9,20.39,83,100,3.67,RU,2021-10-10 16:21:27,overcast clouds
558,Los Llanos De Aridane,28.6585,-17.9182,73.13,68,40,16.11,ES,2021-10-10 16:20:27,scattered clouds
559,Kuito,-12.3833,16.9333,84.16,21,86,2.06,AO,2021-10-10 16:21:27,overcast clouds
560,Slawno,54.3628,16.6789,50.32,52,11,6.51,PL,2021-10-10 16:21:28,few clouds
561,Havoysund,70.9963,24.6622,45.48,85,97,8.48,NO,2021-10-10 16:29:56,overcast clouds
562,Kanuma,36.55,139.7333,69.53,83,63,4.16,JP,2021-10-10 16:21:28,broken clouds
563,Vanavara,60.34,102.2797,32.56,82,100,11.21,RU,2021-10-10 16:21:29,overcast clouds
564,Irece,-11.3042,-41.8558,92.41,22,16,9.69,BR,2021-10-10 16:21:29,few clouds
565,Berlevag,70.8578,29.0864,42.6,91,100,9.37,NO,2021-10-10 16:20:56,overcast clouds
566,Kichera,55.9375,110.0997,31.01,79,86,3.0,RU,2021-10-10 16:21:29,overcast clouds
567,Laguna,38.421,-121.4238,67.08,62,1,1.01,US,2021-10-10 16:18:56,clear sky
568,Vila Velha,-20.3297,-40.2925,69.75,94,75,4.61,BR,2021-10-10 16:20:14,broken clouds
569,Mana,5.6592,-53.7767,87.73,61,99,9.6,GF,2021-10-10 16:21:30,overcast clouds
570,Beder,56.0602,10.2118,53.92,77,18,10.07,DK,2021-10-10 16:21:30,few clouds
571,Polyarnyy,69.1989,33.4478,43.27,93,100,2.3,RU,2021-10-10 16:21:31,overcast clouds
572,Byron Bay,-28.65,153.6167,71.71,86,73,18.28,AU,2021-10-10 16:20:27,broken clouds
573,Sri Aman,1.2376,111.4621,75.25,88,99,0.0,MY,2021-10-10 16:21:31,overcast clouds
574,Colares,38.7992,-9.4469,80.46,54,0,4.0,PT,2021-10-10 16:21:31,clear sky
575,Santona,43.4439,-3.4576,66.51,68,84,6.04,ES,2021-10-10 16:21:32,broken clouds
576,Japura,-0.3167,102.35,76.06,96,99,0.38,ID,2021-10-10 16:21:32,overcast clouds
577,Manica,49.0,-1.1667,60.21,75,3,8.48,FR,2021-10-10 16:21:33,clear sky
578,Dzhebariki-Khaya,62.2167,135.8,32.67,75,100,4.18,RU,2021-10-10 16:21:33,overcast clouds
579,Kamina,-8.7386,24.9906,84.15,27,60,1.97,CD,2021-10-10 16:21:33,broken clouds
580,Padang,-0.9492,100.3543,76.71,93,100,3.33,ID,2021-10-10 16:29:59,overcast clouds
581,Da Nang,16.0678,108.2208,80.65,94,20,0.0,VN,2021-10-10 16:17:33,few clouds
582,Qui Nhon,13.7667,109.2333,80.19,86,98,3.31,VN,2021-10-10 16:29:59,overcast clouds
583,Lauenburg,53.372,10.5565,56.14,74,72,4.79,DE,2021-10-10 16:21:34,broken clouds
584,Jasper,37.2001,-94.3502,80.46,63,40,5.01,US,2021-10-10 16:21:34,scattered clouds
585,Havelock,34.8791,-76.9013,75.06,93,90,5.01,US,2021-10-10 16:21:34,overcast clouds
586,Tuckahoe,37.5901,-77.5564,73.44,87,90,4.0,US,2021-10-10 16:21:35,overcast clouds
587,Abu Dhabi,24.4667,54.3667,91.51,52,0,10.36,AE,2021-10-10 16:16:51,clear sky
588,Jiazi,22.8779,116.067,79.86,81,48,5.41,CN,2021-10-10 16:20:41,scattered clouds
589,Shimoda,34.6667,138.95,71.71,77,44,3.33,JP,2021-10-10 16:30:00,scattered clouds
590,Goderich,43.7501,-81.7165,67.91,88,100,9.22,CA,2021-10-10 16:30:01,light rain
591,Beyneu,45.3167,55.2,55.45,34,33,6.35,KZ,2021-10-10 16:21:35,scattered clouds
592,Chernyshevskiy,63.0128,112.4714,28.78,74,100,16.89,RU,2021-10-10 16:21:36,overcast clouds
593,Smithers,54.7804,-127.1743,32.32,93,75,2.3,CA,2021-10-10 16:15:46,broken clouds
594,Las Vegas,36.175,-115.1372,71.62,28,1,19.57,US,2021-10-10 16:21:06,clear sky
595,Sayyan,15.1718,44.3244,67.28,31,76,16.44,YE,2021-10-10 16:21:36,broken clouds
596,Divnomorskoye,44.5011,38.1353,58.77,78,52,4.52,RU,2021-10-10 16:21:37,broken clouds
597,Prijepolje,43.3719,19.6406,45.84,99,100,2.13,RS,2021-10-10 16:21:37,overcast clouds
598,Mahenge,-8.6833,36.7167,76.28,36,89,5.23,TZ,2021-10-10 16:21:37,overcast clouds
599,Koumac,-20.5667,164.2833,68.29,71,0,4.38,NC,2021-10-10 16:21:38,clear sky
600,Esparta,15.7437,-87.1766,88.59,62,91,4.56,HN,2021-10-10 16:21:38,overcast clouds
601,Muros,42.7762,-9.0603,75.69,44,1,10.83,ES,2021-10-10 16:21:38,clear sky
602,Olden,61.8364,6.8064,56.91,74,36,5.7,NO,2021-10-10 16:21:39,scattered clouds
603,Chitral,35.8462,71.7858,60.24,52,69,3.94,PK,2021-10-10 16:21:39,broken clouds
604,Navahrudak,53.6,25.8333,39.47,70,11,5.44,BY,2021-10-10 16:30:03,few clouds
605,Katherine,-14.4667,132.2667,86.32,51,100,10.36,AU,2021-10-10 16:30:04,light rain
606,Kula,38.5473,28.6498,67.37,47,3,7.31,TR,2021-10-10 16:21:39,clear sky
607,Sambava,-14.2667,50.1667,73.81,73,72,12.24,MG,2021-10-10 16:21:40,broken clouds
608,Acapulco,16.8634,-99.8901,84.02,74,75,5.75,MX,2021-10-10 16:21:40,broken clouds
609,Tessalit,20.1986,1.0114,100.49,6,21,8.48,ML,2021-10-10 16:21:17,few clouds
610,Kalmar,56.6616,16.3616,52.97,81,0,10.36,SE,2021-10-10 16:21:40,clear sky
611,Tarko-Sale,64.9225,77.785,28.35,72,36,12.64,RU,2021-10-10 16:21:41,scattered clouds
612,Villarrica,-25.75,-56.4333,77.67,71,91,6.44,PY,2021-10-10 16:21:41,overcast clouds
613,Terney,45.0503,136.6092,51.48,64,100,13.15,RU,2021-10-10 16:21:41,overcast clouds
614,North Bend,43.4065,-124.2243,56.16,97,90,0.0,US,2021-10-10 16:21:42,mist
615,Ak-Dovurak,51.1833,90.6,35.15,64,47,1.32,RU,2021-10-10 16:21:42,scattered clouds
616,Giyani,-23.3025,30.7187,65.98,68,100,12.21,ZA,2021-10-10 16:21:42,overcast clouds
617,Morehead,37.2711,-87.1764,80.94,66,1,5.01,US,2021-10-10 16:18:58,clear sky
618,Rockingham,42.9668,-71.0995,65.71,80,100,1.01,US,2021-10-10 16:21:43,overcast clouds
619,Charters Towers,-20.1,146.2667,65.5,84,12,9.42,AU,2021-10-10 16:21:43,few clouds
620,Alofi,-19.0595,-169.9187,69.69,100,100,3.44,NU,2021-10-10 16:21:44,light rain
621,Lata,40.1629,-8.3327,81.91,44,96,6.11,PT,2021-10-10 16:20:27,overcast clouds
622,Devecser,47.1032,17.438,49.42,89,100,7.34,HU,2021-10-10 16:21:44,overcast clouds
623,At-Bashi,41.1702,75.8106,36.45,91,100,1.59,KG,2021-10-10 16:30:06,overcast clouds
624,Olga,43.7444,135.2892,52.21,56,100,13.62,RU,2021-10-10 16:21:44,overcast clouds
625,Minab,27.1467,57.0801,87.3,41,0,3.47,IR,2021-10-10 16:21:45,clear sky
626,Chapais,49.7834,-74.8492,56.98,90,100,9.26,CA,2021-10-10 16:30:07,overcast clouds
627,San Jeronimo,-11.9472,-75.2829,64.98,41,19,2.84,PE,2021-10-10 16:21:16,few clouds
628,Cap Malheureux,-19.9842,57.6142,73.47,82,34,5.01,MU,2021-10-10 16:21:46,light rain
629,Neustrelitz,53.3667,13.0833,46.9,54,90,5.3,DE,2021-10-10 16:21:46,overcast clouds
630,Tyukhtet,56.5389,89.3011,37.04,90,100,5.93,RU,2021-10-10 16:21:46,overcast clouds
631,Westport,41.1415,-73.3579,65.32,87,90,11.01,US,2021-10-10 16:21:47,overcast clouds
632,Muzambinho,-21.3758,-46.5256,67.08,83,100,4.36,BR,2021-10-10 16:21:47,overcast clouds
633,Mangrol,21.1167,70.1167,82.99,76,11,4.81,IN,2021-10-10 16:21:47,few clouds
634,Erenhot,43.6475,111.9767,44.35,30,0,8.05,CN,2021-10-10 16:21:48,clear sky
635,Sherlovaya Gora,50.5667,116.25,36.37,60,1,8.1,RU,2021-10-10 16:21:48,clear sky
636,Port-Cartier,50.0334,-66.8654,55.62,67,100,2.86,CA,2021-10-10 16:21:48,overcast clouds
637,Kalispell,48.1958,-114.3129,51.84,60,90,5.75,US,2021-10-10 16:21:49,overcast clouds
638,Skuodas,56.2667,21.5333,49.78,74,7,6.2,LT,2021-10-10 16:21:49,clear sky
639,Asfi,32.2994,-9.2372,72.52,79,99,17.49,MA,2021-10-10 16:30:10,overcast clouds
640,Cuamba,-14.8031,36.5372,87.71,21,67,4.45,MZ,2021-10-10 16:21:50,broken clouds
641,Grants Pass,42.439,-123.3284,52.48,84,90,0.0,US,2021-10-10 16:19:33,mist
642,Viransehir,37.2353,39.7631,78.21,16,0,7.07,TR,2021-10-10 16:21:50,clear sky
643,Dolores,-36.3132,-57.6792,66.09,62,38,13.87,AR,2021-10-10 16:21:50,scattered clouds
644,Kandrian,-6.2167,149.55,76.15,93,100,2.66,PG,2021-10-10 16:21:22,light rain
645,Portadown,54.4241,-6.4412,58.98,73,88,11.52,GB,2021-10-10 16:21:51,overcast clouds
646,Kyrnasivka,48.5955,28.979,46.09,42,3,6.33,UA,2021-10-10 16:21:51,clear sky
647,Dakar,14.6937,-17.4441,87.93,70,40,11.5,SN,2021-10-10 16:27:02,scattered clouds
648,Krasnoshchekovo,51.6708,82.7289,42.33,67,100,6.4,RU,2021-10-10 16:21:52,overcast clouds
649,Kirensk,57.7853,108.1119,35.26,69,100,8.23,RU,2021-10-10 16:21:52,overcast clouds
650,Konigs Wusterhausen,52.3014,13.633,56.08,59,0,4.61,DE,2021-10-10 16:21:52,clear sky
651,Basoko,1.2391,23.616,81.55,72,96,4.68,CD,2021-10-10 16:21:53,overcast clouds
652,Haines Junction,60.7522,-137.5108,21.15,93,88,0.0,CA,2021-10-10 16:21:53,overcast clouds
653,Pitsunda,43.1592,40.3378,60.98,71,56,2.55,GE,2021-10-10 16:21:53,broken clouds
654,Inongo,-1.95,18.2667,79.86,77,100,6.76,CD,2021-10-10 16:21:54,light rain
655,Claveria,18.6074,121.0832,79.47,88,100,14.63,PH,2021-10-10 16:21:54,light rain
656,Lumut,4.2323,100.6298,80.62,89,20,0.0,MY,2021-10-10 16:21:54,few clouds
657,Bubaque,11.2833,-15.8333,82.54,75,97,11.1,GW,2021-10-10 16:20:47,overcast clouds
658,General Delgado,-27.1667,-56.5167,80.62,59,70,6.33,PY,2021-10-10 16:21:55,broken clouds
659,Bilma,18.6853,12.9164,96.01,7,86,7.61,NE,2021-10-10 16:21:55,overcast clouds
660,Christchurch,-43.5333,172.6333,50.92,88,0,4.0,NZ,2021-10-10 16:21:23,light rain
661,Mwanza,-2.5167,32.9,77.63,62,92,8.5,TZ,2021-10-10 16:21:55,overcast clouds
662,Tongchuan,35.0806,109.0897,44.37,75,95,1.12,CN,2021-10-10 16:21:56,overcast clouds
663,Bouillante,16.1304,-61.7692,74.43,83,99,16.17,GP,2021-10-10 16:21:56,light rain
664,Fantanele,46.1167,21.4,55.11,72,0,2.3,RO,2021-10-10 16:21:56,clear sky
665,La Romana,18.4273,-68.9728,89.96,70,75,11.5,DO,2021-10-10 16:21:57,broken clouds
666,Bambanglipuro,-7.95,110.2833,77.4,81,80,5.08,ID,2021-10-10 16:21:57,broken clouds
667,Fortuna,40.5982,-124.1573,53.92,65,1,1.01,US,2021-10-10 16:30:13,clear sky
668,Baraboo,43.4711,-89.7443,73.54,74,1,3.0,US,2021-10-10 16:21:58,clear sky
669,Poronaysk,49.2167,143.1167,52.05,72,100,14.16,RU,2021-10-10 16:21:58,overcast clouds
670,Warrnambool,-38.3833,142.4833,43.81,70,64,10.0,AU,2021-10-10 16:21:58,broken clouds
671,Sandwick,60.0,-1.25,51.62,87,40,26.46,GB,2021-10-10 16:21:59,scattered clouds
672,Yarkovo,57.4028,67.0786,31.91,64,59,4.52,RU,2021-10-10 16:21:59,broken clouds
673,Adrar,20.5022,-10.0711,99.0,8,72,4.14,MR,2021-10-10 16:21:21,broken clouds
674,Ierapetra,35.01,25.7353,76.14,71,0,4.0,GR,2021-10-10 16:21:59,clear sky
675,Praia Da Vitoria,38.7333,-27.0667,73.65,94,75,16.24,PT,2021-10-10 16:21:27,broken clouds
676,Yining,29.0361,114.5636,61.48,88,100,3.87,CN,2021-10-10 16:22:00,overcast clouds
677,Sortavala,61.7053,30.6918,51.48,89,100,11.92,RU,2021-10-10 16:22:00,overcast clouds
678,Gazanjyk,39.2446,55.5154,55.99,19,18,9.6,TM,2021-10-10 16:22:00,few clouds
679,Macapa,0.0389,-51.0664,96.78,56,40,11.5,BR,2021-10-10 16:22:01,scattered clouds
680,Gamba,-2.65,10.0,78.26,78,100,7.23,GA,2021-10-10 16:22:01,overcast clouds
681,Port Hardy,50.6996,-127.4199,48.2,87,75,5.75,CA,2021-10-10 16:29:25,light intensity shower rain
682,Caiaponia,-16.9567,-51.8103,88.77,35,66,12.55,BR,2021-10-10 16:22:02,broken clouds
683,Paamiut,61.994,-49.6678,36.59,55,99,8.7,GL,2021-10-10 16:21:06,overcast clouds
684,Iskilip,40.7353,34.4739,64.36,47,0,6.87,TR,2021-10-10 16:22:02,clear sky
685,Skjervoy,70.0311,20.9714,42.8,84,100,11.16,NO,2021-10-10 16:22:03,light rain
686,Tocache,-8.1842,-76.5125,90.48,49,58,0.47,PE,2021-10-10 16:22:03,broken clouds
687,Port Hueneme,34.1478,-119.1951,76.62,46,1,4.61,US,2021-10-10 16:22:04,clear sky
688,Agirish,61.9247,63.0231,29.12,60,7,4.38,RU,2021-10-10 16:22:04,clear sky
689,Castro Verde,37.6983,-8.0858,81.82,32,46,5.86,PT,2021-10-10 16:22:04,scattered clouds
690,Santa Fe,-31.6333,-60.7,77.02,60,83,4.0,AR,2021-10-10 16:22:05,broken clouds
691,Praia,14.9215,-23.5087,90.14,45,0,14.97,CV,2021-10-10 16:30:17,clear sky
692,Guerrero Negro,27.9769,-114.0611,71.65,60,0,5.59,MX,2021-10-10 16:22:05,clear sky
693,Ashta,23.0167,76.7167,78.46,58,13,1.54,IN,2021-10-10 16:22:05,few clouds
694,Villablino,42.9393,-6.3194,72.39,42,68,3.89,ES,2021-10-10 16:22:06,broken clouds
695,Santa Rosa,14.3122,121.1114,81.1,82,57,8.99,PH,2021-10-10 16:22:06,broken clouds
696,Plettenberg Bay,-34.0527,23.3716,61.93,73,29,15.01,ZA,2021-10-10 16:22:06,scattered clouds
697,Eten,-6.9081,-79.8642,70.05,64,0,13.8,PE,2021-10-10 16:22:07,clear sky
698,Matara,5.9485,80.5353,77.85,91,81,10.2,LK,2021-10-10 16:30:17,broken clouds
699,Rupert,42.6191,-113.6772,51.69,61,1,6.91,US,2021-10-10 16:22:07,clear sky
700,Erzin,36.9559,36.2,78.01,41,0,3.56,TR,2021-10-10 16:22:08,clear sky
701,Dickinson,29.4608,-95.0513,87.21,75,75,5.01,US,2021-10-10 16:22:08,broken clouds
702,Aktau,43.65,51.2,50.58,28,78,2.39,KZ,2021-10-10 16:21:27,broken clouds
703,Karlskrona,56.1616,15.5866,52.25,68,92,13.67,SE,2021-10-10 16:22:08,overcast clouds
704,Keetmanshoop,-26.5833,18.1333,86.92,7,7,10.69,NA,2021-10-10 16:22:09,clear sky
705,Avera,33.194,-82.5271,78.67,59,53,8.72,US,2021-10-10 16:30:18,broken clouds
706,Luba,3.4568,8.5547,79.0,83,100,0.69,GQ,2021-10-10 16:22:09,light rain
707,Mount Isa,-20.7333,139.5,69.57,88,90,3.44,AU,2021-10-10 16:30:19,overcast clouds
708,Vao,-22.6667,167.4833,69.82,64,2,16.98,NC,2021-10-10 16:30:19,clear sky
709,Taldan,53.6667,124.8,33.51,75,40,5.48,RU,2021-10-10 16:22:10,scattered clouds
710,Magnolia,33.2671,-93.2393,81.66,54,6,11.68,US,2021-10-10 16:22:10,clear sky
711,Nishihara,26.1842,127.7558,82.45,88,90,17.27,JP,2021-10-10 16:22:10,light rain
712,Mnogovershinnyy,53.9353,139.9242,40.51,96,100,14.99,RU,2021-10-10 16:30:20,moderate rain
713,Gat,31.61,34.7642,79.39,57,0,10.29,IL,2021-10-10 16:22:11,clear sky
